sample.log,2025-08-01 16:52:59,ğŸ‘ Yes
system.log,2025-08-01 17:15:51,ğŸ‘ Yes
system.log,2025-08-01 17:16:51,ğŸ‘ Yes
system.log,2025-08-01 17:17:31,ğŸ‘ No
system.log,2025-08-01 17:18:12,ğŸ‘ No
system.log,2025-08-01 17:21:49,ğŸ‘ Yes
ubuntu.log,2025-08-01 17:22:17,ğŸ‘ Yes
ubuntu.log,2025-08-01 17:23:34,ğŸ‘ Yes
ubuntu.log,2025-08-01 17:23:59,ğŸ‘ Yes
ubuntu.log,2025-08-01 17:43:44,ğŸ‘ Yes
ubuntu.log,2025-08-01 17:44:25,ğŸ‘ Yes
sample.log,2025-08-01 17:53:50,ğŸ‘ Yes
ubuntu.log,2025-08-01 17:56:46,ğŸ‘ Yes
ubuntu.log,2025-08-01 18:18:27,ğŸ‘ Yes
ubuntu.log,2025-08-01 18:24:55,ğŸ‘ Yes
ubuntu.log,2025-08-01 18:26:40,ğŸ‘ Yes
spring.log,2025-08-01 18:30:31,ğŸ‘ Yes
spring.log,2025-08-01 18:31:14,ğŸ‘ Yes
spring.log,2025-08-01 18:32:21,ğŸ‘ No
spring.log,2025-08-01 23:43:15,ğŸ‘ Yes
spring.log,2025-08-01 23:59:04,ğŸ‘ Yes
system.log,2025-08-02 08:41:00,ğŸ‘ Yes
ubuntu.log,2025-08-02 19:50:36,ğŸ‘ Yes
ubuntu.log,2025-08-02 19:51:07,ğŸ‘ Yes
ubuntu.log,2025-08-02 19:51:34,ğŸ‘ Yes
ubuntu.log,2025-08-02 19:51:57,ğŸ‘ Yes
ubuntu.log,2025-08-02 19:52:05,ğŸ‘ Yes
ubuntu.log,2025-08-02 19:52:35,ğŸ‘ Yes
system.log,2025-08-02 20:06:43,ğŸ‘ Yes
system.log,2025-08-02 20:16:35,ğŸ‘ Yes
system.log,2025-08-02 20:16:46,ğŸ‘ Yes
system.log,2025-08-02 20:17:25,ğŸ‘ Yes
system.log,2025-08-02 20:17:37,ğŸ‘ Yes
spring.log,2025-08-02 20:21:07,ğŸ‘ Yes
spring.log,2025-08-02 20:21:25,ğŸ‘ Yes
spring.log,2025-08-02 20:22:16,ğŸ‘ Yes
spring.log,2025-08-02 20:22:44,ğŸ‘ Yes
spring.log,2025-08-02 20:22:58,ğŸ‘ Yes
system.log,2025-08-02 20:28:14,ğŸ‘ Yes
spring.log,2025-08-02 20:28:52,ğŸ‘ Yes
spring.log,2025-08-02 20:34:02,ğŸ‘ Yes
spring.log,2025-08-02 20:34:34,ğŸ‘ Yes
system.log,2025-08-02 20:47:02,ğŸ‘ Yes
system.log,2025-08-02 20:48:43,ğŸ‘ Yes
spring.log,2025-08-02 20:52:13,ğŸ‘ Yes
spring.log,2025-08-02 20:52:22,ğŸ‘ Yes
system.log,2025-08-02 20:55:01,ğŸ‘ Yes
spring.log,2025-08-02 21:11:12,ğŸ‘ Yes
ubuntu.log,2025-08-02 21:13:54,ğŸ‘ Yes
system.log,2025-08-02 21:17:00,ğŸ‘ Yes
spring.log,2025-08-02 21:38:14,ğŸ‘ Yes
system.log,2025-08-02 21:59:38,ğŸ‘ Yes
ubuntu.log,2025-08-02 22:08:43,ğŸ‘ Yes
ubuntu.log,2025-08-02 22:45:27,ğŸ‘ Yes
spring.log,2025-08-02 22:51:26,ğŸ‘ Yes,thanks
ubuntu.log,2025-08-02 23:01:11,ğŸ‘ No,not bad
sample.log,2025-08-03 12:24:20,ğŸ‘ Yes,thanks for update
system.log,2025-08-03 12:34:28,ğŸ‘ No,bad
ubuntu.log,2025-08-03 12:41:03,ğŸ‘ Yes,new comment
system.log,2025-08-03 12:43:52,ğŸ‘ No,
system.log,2025-08-03 12:54:09,ğŸ‘ Yes,
spring.log,2025-08-03 12:54:43,ğŸ‘ No,
sample.log,2025-08-03 13:02:49,ğŸ‘ No,
ubuntu.log,2025-08-03 13:03:23,ğŸ‘ Yes,
sample.log,2025-08-03 13:16:58,ğŸ‘ Yes,thnaks
system.log,2025-08-03 13:19:14,ğŸ‘ No,bad
ubuntu.log,2025-08-03 13:19:48,ğŸ‘ Yes,good
system.log,2025-08-03 13:22:06,ğŸ‘ No,not
system.log,2025-08-03 13:28:18,ğŸ‘ Yes,thanks
sample.log,2025-08-03 13:30:25,ğŸ‘ Yes,hmm
a.log,2025-08-03 13:30:49,ğŸ‘ No,ggg
ubuntu.log,2025-08-03 13:32:46,ğŸ‘ Yes,
sample.log,2025-08-03 13:34:50,ğŸ‘ Yes,thanks
system.log,2025-08-03 13:35:34,ğŸ‘ No,bad
sample.log,2025-08-03 13:53:24,ğŸ‘ Yes,thanks for update
sample.log,2025-08-03 13:56:58,ğŸ‘ Yes,thanks
spring.log,2025-08-03 14:01:59,ğŸ‘ Yes,nice
sample.log,2025-08-03 14:04:50.121450,ğŸ‘ Yes
sample.log,2025-08-03 14:05:05.590342,ğŸ‘ No
system.log,2025-08-03 14:05:21.540470,ğŸ‘ Yes
sample.log,2025-08-03 14:07:22.615635,ğŸ‘ Yes
sample.log,2025-08-03 14:07:27.086751,ğŸ‘ No
sample.log,2025-08-03 14:07:45.153993,ğŸ‘ Yes
sample.log,2025-08-03 14:09:19.480837,ğŸ‘ No
sample.log,2025-08-03 14:09:28.871283,ğŸ‘ Yes
sample.log,2025-08-03 14:09:44.326165,ğŸ‘ No
sample.log,2025-08-03 14:14:51.578556,ğŸ‘ Yes
system.log,2025-08-03 14:25:04.250374,ğŸ‘ Yes
ubuntu.log,2025-08-03 15:06:38.275012,ğŸ‘ Yes
system.log,2025-08-03 15:49:17.646775,ğŸ‘ Yes
a.log,2025-08-03 16:48:34.913494,ğŸ‘ Yes
a.log,2025-08-03 16:48:42.679056,ğŸ‘ Yes
ubuntu.log,2025-08-03 16:49:24.890353,ğŸ‘ Yes
ubuntu.log,2025-08-03 16:49:35.095439,ğŸ‘ Yes
ubuntu.log,2025-08-03 16:49:44.743892,ğŸ‘ Yes
ubuntu.log,2025-08-03 16:49:55.931952,ğŸ‘ Yes
